dataset,condition_id,translation_std_scene_units,rotation_std_degrees,split,auroc,pr_auc,false_match_rate,recall,f1,test_noise_minus_clean_auroc,test_paired_ci_low,test_paired_ci_high
movi_d,N_t0_r0,0.0,0.0,dev,0.986772,0.988422818661,0.022,0.9,0.939501779359,,,
movi_d,N_t0_r0,0.0,0.0,test,0.984952,0.986031173742,0.032,0.875,0.92323335028,0.0,0.0,0.0
movi_d,N_t0_r0p1,0.0,0.1,dev,0.986772,0.988430609228,0.022,0.9,0.939024390244,,,
movi_d,N_t0_r0p1,0.0,0.1,test,0.984958,0.986035005193,0.032,0.875,0.92213740458,6e-06,-6.1814556e-05,0.000104793052
movi_d,N_t0_r0p5,0.0,0.5,dev,0.986661,0.988315865248,0.023,0.899,0.938547486034,,,
movi_d,N_t0_r0p5,0.0,0.5,test,0.985082,0.986135764037,0.032,0.875,0.923935091278,0.00013,-0.000206388828,0.000541376968
movi_d,N_t0_r1,0.0,1.0,dev,0.986615,0.988279473614,0.022,0.898,0.939148073022,,,
movi_d,N_t0_r1,0.0,1.0,test,0.984764,0.985864201241,0.033,0.876,0.920570264766,-0.000188,-0.000507949446,0.000142139834
movi_d,N_t0_r2,0.0,2.0,dev,0.985622,0.987413012613,0.028,0.901,0.931437277806,,,
movi_d,N_t0_r2,0.0,2.0,test,0.984853,0.985936552412,0.034,0.877,0.926433282598,-9.9e-05,-0.000675658187,0.000604030361
movi_d,N_t0_r5,0.0,5.0,dev,0.981089,0.983260033368,0.031,0.875,0.926680244399,,,
movi_d,N_t0_r5,0.0,5.0,test,0.980915,0.981984028553,0.039,0.86,0.91483936767,-0.004037,-0.006311718103,-0.002260448679
movi_d,N_t0p01_r0,0.01,0.0,dev,0.986755,0.988414754399,0.023,0.899,0.938485002542,,,
movi_d,N_t0p01_r0,0.01,0.0,test,0.985017,0.98608377127,0.032,0.876,0.924327069578,6.5e-05,3.000012e-06,0.000141000014
movi_d,N_t0p01_r0p1,0.01,0.1,dev,0.986712,0.988371179508,0.024,0.9,0.938485002542,,,
movi_d,N_t0p01_r0p1,0.01,0.1,test,0.984922,0.986001022066,0.032,0.876,0.922764227642,-3e-05,-0.000106536791,6.48072e-05
movi_d,N_t0p01_r0p5,0.01,0.5,dev,0.986685,0.988342992102,0.022,0.899,0.938485002542,,,
movi_d,N_t0p01_r0p5,0.01,0.5,test,0.984982,0.986068330267,0.032,0.876,0.922685656155,3e-05,-0.000129488156,0.000225324028
movi_d,N_t0p01_r1,0.01,1.0,dev,0.98673,0.98838842114,0.019,0.897,0.936991869919,,,
movi_d,N_t0p01_r1,0.01,1.0,test,0.984819,0.985930913228,0.032,0.875,0.921199796645,-0.000133,-0.000650363783,0.000397007656
movi_d,N_t0p01_r2,0.01,2.0,dev,0.985934,0.987669457157,0.024,0.887,0.936451448907,,,
movi_d,N_t0p01_r2,0.01,2.0,test,0.984417,0.985693597242,0.033,0.873,0.923466801825,-0.000535,-0.001165267285,8.1918123e-05
movi_d,N_t0p01_r5,0.01,5.0,dev,0.980568,0.982768790273,0.039,0.878,0.926977687627,,,
movi_d,N_t0p01_r5,0.01,5.0,test,0.981456,0.982397397635,0.035,0.859,0.915564598169,-0.003496,-0.005718813355,-0.001436558644
movi_d,N_t0p05_r0,0.05,0.0,dev,0.986595,0.98829015785,0.02,0.898,0.938008130081,,,
movi_d,N_t0p05_r0,0.05,0.0,test,0.98488,0.985973136688,0.033,0.875,0.921199796645,-7.2e-05,-0.000293414206,0.000183632556
movi_d,N_t0p05_r0p1,0.05,0.1,dev,0.986803,0.98843743864,0.02,0.895,0.938962360122,,,
movi_d,N_t0p05_r0p1,0.05,0.1,test,0.985002,0.986093932838,0.034,0.875,0.923155216285,5e-05,-0.00023131187,0.000366367137
movi_d,N_t0p05_r0p5,0.05,0.5,dev,0.986693,0.988348812595,0.019,0.898,0.937945066124,,,
movi_d,N_t0p05_r0p5,0.05,0.5,test,0.985299,0.986318661131,0.031,0.875,0.923547400612,0.000347,-5.1967891e-05,0.000843844097
movi_d,N_t0p05_r1,0.05,1.0,dev,0.986523,0.988231483221,0.023,0.895,0.935368956743,,,
movi_d,N_t0p05_r1,0.05,1.0,test,0.985134,0.986215077166,0.031,0.878,0.92417302799,0.000182,-0.000228458841,0.000709134275
movi_d,N_t0p05_r2,0.05,2.0,dev,0.986141,0.987813775463,0.027,0.893,0.934484509904,,,
movi_d,N_t0p05_r2,0.05,2.0,test,0.984872,0.986003726734,0.035,0.876,0.926433282598,-8e-05,-0.000783091214,0.000640379456
movi_d,N_t0p05_r5,0.05,5.0,dev,0.98258,0.984602966227,0.033,0.881,0.929262086514,,,
movi_d,N_t0p05_r5,0.05,5.0,test,0.981604,0.982723782877,0.041,0.858,0.916201117318,-0.003348,-0.004947252776,-0.001934925765
movi_d,N_t0p1_r0,0.1,0.0,dev,0.986701,0.98834505108,0.017,0.893,0.93632195619,,,
movi_d,N_t0p1_r0,0.1,0.0,test,0.984649,0.985702492898,0.034,0.874,0.921668362157,-0.000303,-0.000697104373,5.7171429e-05
movi_d,N_t0p1_r0p1,0.1,0.1,dev,0.986446,0.988176767662,0.023,0.896,0.936644703497,,,
movi_d,N_t0p1_r0p1,0.1,0.1,test,0.984998,0.986031048988,0.034,0.877,0.924796747967,4.6e-05,-0.00023547425,0.000372020116
movi_d,N_t0p1_r0p5,0.1,0.5,dev,0.986765,0.988422709237,0.019,0.887,0.937945066124,,,
movi_d,N_t0p1_r0p5,0.1,0.5,test,0.984881,0.985979495137,0.032,0.871,0.924250127097,-7.1e-05,-0.000407980023,0.00027410418
movi_d,N_t0p1_r1,0.1,1.0,dev,0.986396,0.988017368513,0.026,0.897,0.936927772126,,,
movi_d,N_t0p1_r1,0.1,1.0,test,0.985024,0.986026645031,0.032,0.87,0.922842639594,7.2e-05,-0.000479547282,0.000630279576
movi_d,N_t0p1_r2,0.1,2.0,dev,0.986172,0.987882213498,0.026,0.9,0.93509127789,,,
movi_d,N_t0p1_r2,0.1,2.0,test,0.984382,0.985424313264,0.034,0.875,0.922295581513,-0.00057,-0.00174779408,0.000562786851
movi_d,N_t0p1_r5,0.1,5.0,dev,0.983768,0.985483547204,0.032,0.883,0.932246561386,,,
movi_d,N_t0p1_r5,0.1,5.0,test,0.982093,0.983110759033,0.04,0.865,0.920506329114,-0.002859,-0.004040237422,-0.001699087582
movi_d,N_t0p25_r0,0.25,0.0,dev,0.98557,0.987032980884,0.026,0.887,0.934550989346,,,
movi_d,N_t0p25_r0,0.25,0.0,test,0.984004,0.985096802732,0.036,0.863,0.924089068826,-0.000948,-0.001873627282,-0.000115986659
movi_d,N_t0p25_r0p1,0.25,0.1,dev,0.985479,0.987060047587,0.025,0.888,0.933536276002,,,
movi_d,N_t0p25_r0p1,0.25,0.1,test,0.983481,0.984574798601,0.037,0.868,0.919412062848,-0.001471,-0.002689288365,-0.000250218994
movi_d,N_t0p25_r0p5,0.25,0.5,dev,0.985601,0.987179173766,0.027,0.884,0.932658227848,,,
movi_d,N_t0p25_r0p5,0.25,0.5,test,0.983408,0.984582993329,0.037,0.866,0.920245398773,-0.001544,-0.002694349736,-0.00052399505
movi_d,N_t0p25_r1,0.25,1.0,dev,0.986071,0.987786261401,0.024,0.886,0.940101522843,,,
movi_d,N_t0p25_r1,0.25,1.0,test,0.983615,0.984663953573,0.03,0.862,0.92135971588,-0.001337,-0.002325721765,-0.000459997722
movi_d,N_t0p25_r2,0.25,2.0,dev,0.983985,0.985778930185,0.031,0.886,0.932794340576,,,
movi_d,N_t0p25_r2,0.25,2.0,test,0.983057,0.984059193391,0.037,0.873,0.919469928644,-0.001895,-0.003533419463,-0.000439232943
movi_d,N_t0p25_r5,0.25,5.0,dev,0.981462,0.983361155783,0.033,0.861,0.922448979592,,,
movi_d,N_t0p25_r5,0.25,5.0,test,0.97848,0.979936533255,0.048,0.858,0.910478128179,-0.006472,-0.009864596037,-0.003391534429
movi_d,N_t0p5_r0,0.5,0.0,dev,0.977052,0.979157893781,0.038,0.855,0.909928352098,,,
movi_d,N_t0p5_r0,0.5,0.0,test,0.975144,0.976950495382,0.037,0.828,0.899531494014,-0.009808,-0.014090826801,-0.006244459131
movi_d,N_t0p5_r0p1,0.5,0.1,dev,0.977472,0.980021357688,0.03,0.854,0.914432989691,,,
movi_d,N_t0p5_r0p1,0.5,0.1,test,0.978054,0.979236891944,0.037,0.843,0.904615384615,-0.006898,-0.010830923699,-0.003802423381
movi_d,N_t0p5_r0p5,0.5,0.5,dev,0.979388,0.981456033774,0.035,0.862,0.918032786885,,,
movi_d,N_t0p5_r0p5,0.5,0.5,test,0.976372,0.977530809855,0.038,0.823,0.902792140641,-0.00858,-0.012198275335,-0.005444876102
movi_d,N_t0p5_r1,0.5,1.0,dev,0.978184,0.980547118427,0.033,0.861,0.917864476386,,,
movi_d,N_t0p5_r1,0.5,1.0,test,0.977429,0.978539610298,0.039,0.844,0.909933093155,-0.007523,-0.010673430466,-0.004835245328
movi_d,N_t0p5_r2,0.5,2.0,dev,0.978709,0.981133902819,0.031,0.858,0.918586789555,,,
movi_d,N_t0p5_r2,0.5,2.0,test,0.976459,0.978173410748,0.039,0.847,0.908624229979,-0.008493,-0.012037890386,-0.005215860803
movi_d,N_t0p5_r5,0.5,5.0,dev,0.97436,0.976937031559,0.038,0.833,0.902021772939,,,
movi_d,N_t0p5_r5,0.5,5.0,test,0.968656,0.970674421996,0.044,0.812,0.895692786715,-0.016296,-0.020680473466,-0.012198541162
movi_e,N_t0_r0,0.0,0.0,dev,0.991853,0.992675517955,0.01,0.9,0.954034729316,,,
movi_e,N_t0_r0,0.0,0.0,test,0.994183,0.994769800865,0.007,0.916,0.960606060606,0.0,0.0,0.0
movi_e,N_t0_r0p1,0.0,0.1,dev,0.991851,0.992669591949,0.01,0.9,0.953500255493,,,
movi_e,N_t0_r0p1,0.0,0.1,test,0.994228,0.994808270154,0.007,0.915,0.960606060606,4.5e-05,-1.003009e-06,0.000107429395
movi_e,N_t0_r0p5,0.0,0.5,dev,0.991793,0.99263002184,0.011,0.902,0.952526799387,,,
movi_e,N_t0_r0p5,0.0,0.5,test,0.994268,0.994838014075,0.007,0.919,0.960080848914,8.5e-05,-2.9058118e-05,0.000208375924
movi_e,N_t0_r1,0.0,1.0,dev,0.991721,0.992549983674,0.012,0.899,0.951505870342,,,
movi_e,N_t0_r1,0.0,1.0,test,0.994183,0.994769148609,0.008,0.915,0.960080848914,0.0,-0.00016052217,0.00016600481
movi_e,N_t0_r2,0.0,2.0,dev,0.991527,0.992262608958,0.01,0.9,0.953595104539,,,
movi_e,N_t0_r2,0.0,2.0,test,0.993874,0.994535808083,0.006,0.908,0.963112683173,-0.000309,-0.000962084235,0.000228476926
movi_e,N_t0_r5,0.0,5.0,dev,0.985459,0.986801166599,0.014,0.854,0.932851239669,,,
movi_e,N_t0_r5,0.0,5.0,test,0.98814,0.988874687443,0.015,0.856,0.940512820513,-0.006043,-0.009199393429,-0.003456515801
movi_e,N_t0p01_r0,0.01,0.0,dev,0.991857,0.992676402317,0.01,0.899,0.953547728433,,,
movi_e,N_t0p01_r0,0.01,0.0,test,0.994151,0.994736890626,0.007,0.917,0.960121150934,-3.2e-05,-8.6487677e-05,1.5000015e-05
movi_e,N_t0p01_r0p1,0.01,0.1,dev,0.99187,0.992695439986,0.01,0.9,0.953500255493,,,
movi_e,N_t0p01_r0p1,0.01,0.1,test,0.994207,0.9947918226,0.007,0.913,0.960121150934,2.4e-05,-1.6032512e-05,6.9724275e-05
movi_e,N_t0p01_r0p5,0.01,0.5,dev,0.991701,0.99254556037,0.011,0.904,0.952040816327,,,
movi_e,N_t0p01_r0p5,0.01,0.5,test,0.994169,0.994766766313,0.007,0.916,0.960566228514,-1.4e-05,-0.00014272155,9.3377908e-05
movi_e,N_t0p01_r1,0.01,1.0,dev,0.99178,0.992613466004,0.011,0.9,0.952623535405,,,
movi_e,N_t0p01_r1,0.01,1.0,test,0.994308,0.994883927416,0.006,0.918,0.960685483871,0.000125,-0.000109006636,0.000390011307
movi_e,N_t0p01_r2,0.01,2.0,dev,0.990957,0.991767711675,0.013,0.9,0.948652770717,,,
movi_e,N_t0p01_r2,0.01,2.0,test,0.993517,0.994077662123,0.009,0.911,0.95652173913,-0.000666,-0.001422577423,-9.5367714e-05
movi_e,N_t0p01_r5,0.01,5.0,dev,0.984562,0.985906697593,0.018,0.852,0.93051981472,,,
movi_e,N_t0p01_r5,0.01,5.0,test,0.989316,0.990169972303,0.01,0.851,0.944245524297,-0.004867,-0.007960464953,-0.002514026017
movi_e,N_t0p05_r0,0.05,0.0,dev,0.991691,0.992535432849,0.012,0.902,0.952040816327,,,
movi_e,N_t0p05_r0,0.05,0.0,test,0.994225,0.994797495415,0.007,0.914,0.959070237494,4.2e-05,-7.0428134e-05,0.000189252485
movi_e,N_t0p05_r0p1,0.05,0.1,dev,0.991756,0.992585934146,0.01,0.903,0.951070336391,,,
movi_e,N_t0p05_r0p1,0.05,0.1,test,0.994221,0.994794919413,0.007,0.917,0.960121150934,3.8e-05,-0.000110003264,0.000187187187
movi_e,N_t0p05_r0p5,0.05,0.5,dev,0.991703,0.992529507952,0.011,0.904,0.952575216726,,,
movi_e,N_t0p05_r0p5,0.05,0.5,test,0.994145,0.99471744499,0.008,0.912,0.957974683544,-3.8e-05,-0.00025752718,0.000159521126
movi_e,N_t0p05_r1,0.05,1.0,dev,0.991806,0.992616388731,0.012,0.901,0.952623535405,,,
movi_e,N_t0p05_r1,0.05,1.0,test,0.994184,0.99480837955,0.009,0.916,0.959677419355,1e-06,-0.000360568906,0.000421019991
movi_e,N_t0p05_r2,0.05,2.0,dev,0.991483,0.992248444267,0.011,0.9,0.949515553289,,,
movi_e,N_t0p05_r2,0.05,2.0,test,0.993524,0.99410909628,0.011,0.904,0.956477732794,-0.000659,-0.001158374668,-0.000271453314
movi_e,N_t0p05_r5,0.05,5.0,dev,0.985036,0.986240332119,0.014,0.849,0.935666495111,,,
movi_e,N_t0p05_r5,0.05,5.0,test,0.99095,0.991534574428,0.011,0.866,0.943473792395,-0.003233,-0.004807015243,-0.001889211313
movi_e,N_t0p1_r0,0.1,0.0,dev,0.991561,0.992333379095,0.013,0.902,0.952040816327,,,
movi_e,N_t0p1_r0,0.1,0.0,test,0.994118,0.99471754745,0.007,0.913,0.95919395466,-6.5e-05,-0.000287719488,0.000184446292
movi_e,N_t0p1_r0p1,0.1,0.1,dev,0.991922,0.992677022467,0.012,0.902,0.951120162933,,,
movi_e,N_t0p1_r0p1,0.1,0.1,test,0.994004,0.994601797943,0.008,0.912,0.960606060606,-0.000179,-0.000414667179,0.000112684561
movi_e,N_t0p1_r0p5,0.1,0.5,dev,0.992033,0.992813570873,0.01,0.904,0.950636132316,,,
movi_e,N_t0p1_r0p5,0.1,0.5,test,0.994065,0.994636921999,0.009,0.915,0.957005563986,-0.000118,-0.000456543525,0.000143018383
movi_e,N_t0p1_r1,0.1,1.0,dev,0.991423,0.992298051787,0.012,0.903,0.948979591837,,,
movi_e,N_t0p1_r1,0.1,1.0,test,0.993885,0.994506802895,0.008,0.908,0.959432048682,-0.000298,-0.000590831587,-7.292162e-05
movi_e,N_t0p1_r2,0.1,2.0,dev,0.990974,0.991713441245,0.012,0.895,0.949515553289,,,
movi_e,N_t0p1_r2,0.1,2.0,test,0.993693,0.9942541664,0.009,0.907,0.957974683544,-0.00049,-0.00116644962,4.000004e-06
movi_e,N_t0p1_r5,0.1,5.0,dev,0.983785,0.985535829295,0.016,0.844,0.928905033731,,,
movi_e,N_t0p1_r5,0.1,5.0,test,0.989868,0.990699889662,0.011,0.869,0.940329218107,-0.004315,-0.006408199964,-0.002599193904
movi_e,N_t0p25_r0,0.25,0.0,dev,0.990088,0.990955372591,0.012,0.892,0.945380296069,,,
movi_e,N_t0p25_r0,0.25,0.0,test,0.993926,0.994511243058,0.008,0.904,0.960040465352,-0.000257,-0.00075275279,0.000159327102
movi_e,N_t0p25_r0p1,0.25,0.1,dev,0.990854,0.99167268221,0.009,0.896,0.945641025641,,,
movi_e,N_t0p25_r0p1,0.25,0.1,test,0.993225,0.99378719886,0.013,0.901,0.955555555556,-0.000958,-0.001972939973,-0.000218337195
movi_e,N_t0p25_r0p5,0.25,0.5,dev,0.991332,0.992079807555,0.01,0.893,0.950484941297,,,
movi_e,N_t0p25_r0p5,0.25,0.5,test,0.992589,0.993140644066,0.013,0.899,0.952332657201,-0.001594,-0.003082052111,-0.000642996926
movi_e,N_t0p25_r1,0.25,1.0,dev,0.990146,0.990924012017,0.011,0.895,0.950101832994,,,
movi_e,N_t0p25_r1,0.25,1.0,test,0.993081,0.993666976052,0.012,0.902,0.958059626074,-0.001102,-0.002102315154,-0.000366353614
movi_e,N_t0p25_r2,0.25,2.0,dev,0.98914,0.989989964919,0.013,0.874,0.941961992809,,,
movi_e,N_t0p25_r2,0.25,2.0,test,0.991607,0.992176902641,0.021,0.896,0.954591321897,-0.002576,-0.004362935702,-0.001225191453
movi_e,N_t0p25_r5,0.25,5.0,dev,0.984108,0.985464544203,0.018,0.86,0.928865979381,,,
movi_e,N_t0p25_r5,0.25,5.0,test,0.986169,0.987358083505,0.016,0.856,0.934156378601,-0.008014,-0.011644502741,-0.005010973655
movi_e,N_t0p5_r0,0.5,0.0,dev,0.982435,0.982665217206,0.021,0.832,0.919958419958,,,
movi_e,N_t0p5_r0,0.5,0.0,test,0.986574,0.987220485159,0.017,0.85,0.930088037286,-0.007609,-0.011319593807,-0.004463510284
movi_e,N_t0p5_r0p1,0.5,0.1,dev,0.982338,0.982889690219,0.025,0.839,0.919003115265,,,
movi_e,N_t0p5_r0p1,0.5,0.1,test,0.987611,0.988421085357,0.015,0.841,0.937242798354,-0.006572,-0.009154039555,-0.004277497378
movi_e,N_t0p5_r0p5,0.5,0.5,dev,0.98411,0.985203179478,0.018,0.844,0.92394655704,,,
movi_e,N_t0p5_r0p5,0.5,0.5,test,0.987046,0.987312996655,0.016,0.849,0.929272070212,-0.007137,-0.010873203301,-0.00427805401
movi_e,N_t0p5_r1,0.5,1.0,dev,0.982519,0.98307621171,0.018,0.829,0.921793534932,,,
movi_e,N_t0p5_r1,0.5,1.0,test,0.988857,0.989636826197,0.013,0.847,0.940144478844,-0.005326,-0.008360740746,-0.003152183143
movi_e,N_t0p5_r2,0.5,2.0,dev,0.981797,0.982499253849,0.019,0.828,0.921721099015,,,
movi_e,N_t0p5_r2,0.5,2.0,test,0.985516,0.986251718393,0.012,0.832,0.921802175039,-0.008667,-0.013379965053,-0.005241141556
movi_e,N_t0p5_r5,0.5,5.0,dev,0.971913,0.973254659972,0.027,0.798,0.90057864282,,,
movi_e,N_t0p5_r5,0.5,5.0,test,0.977072,0.977839319155,0.02,0.773,0.900843881857,-0.017111,-0.024285454092,-0.011294702109
