dataset,stratum_variable,stratum_level,system,pairs,positives,negatives,auroc,pr_auc,false_match_rate,recall,threshold_source
movi_d,temporal_gap,high,A_rgb,665,333,332,0.889892904953146,0.9161413003426222,0.18373493975903615,0.8048048048048048,development_locked_90_recall
movi_d,temporal_gap,high,B_rgb_2d,665,333,332,0.9408444589167481,0.9514488195668097,0.11144578313253012,0.8678678678678678,development_locked_90_recall
movi_d,temporal_gap,high,C_camera_geometry,665,333,332,0.9580936358044791,0.962685154932257,0.05120481927710843,0.7987987987987988,development_locked_90_recall
movi_d,temporal_gap,high,D_pose_aligned_geometry,665,333,332,0.9631408516950686,0.9662835604028768,0.05120481927710843,0.7927927927927928,development_locked_90_recall
movi_d,temporal_gap,high,G_camera_geometry_only,665,333,332,0.9493288469192084,0.9577815002981539,0.05421686746987952,0.8018018018018018,development_locked_90_recall
movi_d,temporal_gap,high,G_pose_aligned_geometry_only,665,333,332,0.9525489344766453,0.9569665576602047,0.09036144578313253,0.8258258258258259,development_locked_90_recall
movi_d,temporal_gap,high,P_pose_only,665,333,332,0.5,0.5007518796992482,1.0,1.0,development_locked_90_recall
movi_d,temporal_gap,high,S_shuffled_pose,665,333,332,0.9579127320091175,0.9628961347481627,0.05421686746987952,0.8048048048048048,development_locked_90_recall
movi_d,temporal_gap,low,A_rgb,668,334,334,0.9779751873498511,0.9836493081481239,0.16467065868263472,0.9610778443113772,development_locked_90_recall
movi_d,temporal_gap,low,B_rgb_2d,668,334,334,0.9923805084441895,0.9932565055495357,0.041916167664670656,0.9640718562874252,development_locked_90_recall
movi_d,temporal_gap,low,C_camera_geometry,668,334,334,0.9982251066728818,0.9982687200367734,0.008982035928143712,0.9520958083832335,development_locked_90_recall
movi_d,temporal_gap,low,D_pose_aligned_geometry,668,334,334,0.9984492093656997,0.9985145322821511,0.0029940119760479044,0.9610778443113772,development_locked_90_recall
movi_d,temporal_gap,low,G_camera_geometry_only,668,334,334,0.9978934346875111,0.9979201846910508,0.005988023952095809,0.9431137724550899,development_locked_90_recall
movi_d,temporal_gap,low,G_pose_aligned_geometry_only,668,334,334,0.9974273010864498,0.9974689870864343,0.014970059880239521,0.9431137724550899,development_locked_90_recall
movi_d,temporal_gap,low,P_pose_only,668,334,334,0.5,0.5,1.0,1.0,development_locked_90_recall
movi_d,temporal_gap,low,S_shuffled_pose,668,334,334,0.9976693319946932,0.9977687667213205,0.017964071856287425,0.9580838323353293,development_locked_90_recall
movi_d,temporal_gap,medium,A_rgb,667,333,334,0.9393735052417689,0.9532520772568541,0.15568862275449102,0.8798798798798799,development_locked_90_recall
movi_d,temporal_gap,medium,B_rgb_2d,667,333,334,0.9738630846415277,0.9775535403514527,0.04790419161676647,0.8678678678678678,development_locked_90_recall
movi_d,temporal_gap,medium,C_camera_geometry,667,333,334,0.9813436190681699,0.9834548802898817,0.041916167664670656,0.8918918918918919,development_locked_90_recall
movi_d,temporal_gap,medium,D_pose_aligned_geometry,667,333,334,0.982071892251533,0.9834819400446115,0.041916167664670656,0.8708708708708709,development_locked_90_recall
movi_d,temporal_gap,medium,G_camera_geometry_only,667,333,334,0.9773695851540163,0.9809050768334102,0.041916167664670656,0.8888888888888888,development_locked_90_recall
movi_d,temporal_gap,medium,G_pose_aligned_geometry_only,667,333,334,0.9761468054881229,0.9778290338053925,0.0658682634730539,0.8858858858858859,development_locked_90_recall
movi_d,temporal_gap,medium,P_pose_only,667,333,334,0.5,0.4992503748125937,1.0,1.0,development_locked_90_recall
movi_d,temporal_gap,medium,S_shuffled_pose,667,333,334,0.9803905702109295,0.9826341335129329,0.05089820359281437,0.8738738738738738,development_locked_90_recall
movi_d,minimum_visibility,high,A_rgb,747,422,325,0.9483047757929276,0.9681564118959015,0.15076923076923077,0.8933649289099526,development_locked_90_recall
movi_d,minimum_visibility,high,B_rgb_2d,747,422,325,0.9650528618301131,0.9780820296276811,0.11692307692307692,0.9265402843601895,development_locked_90_recall
movi_d,minimum_visibility,high,C_camera_geometry,747,422,325,0.9787240247903756,0.9849600174559594,0.06153846153846154,0.8981042654028436,development_locked_90_recall
movi_d,minimum_visibility,high,D_pose_aligned_geometry,747,422,325,0.9821363470652571,0.9872268334731681,0.06153846153846154,0.9004739336492891,development_locked_90_recall
movi_d,minimum_visibility,high,G_camera_geometry_only,747,422,325,0.9663215457528254,0.9781339930804195,0.04923076923076923,0.8886255924170616,development_locked_90_recall
movi_d,minimum_visibility,high,G_pose_aligned_geometry_only,747,422,325,0.9701203062340503,0.9785900769752607,0.12,0.909952606635071,development_locked_90_recall
movi_d,minimum_visibility,high,P_pose_only,747,422,325,0.5,0.5649263721552878,1.0,1.0,development_locked_90_recall
movi_d,minimum_visibility,high,S_shuffled_pose,747,422,325,0.9779803135253372,0.9845853494572536,0.07384615384615385,0.8886255924170616,development_locked_90_recall
movi_d,minimum_visibility,low,A_rgb,613,270,343,0.9145016736853472,0.9283606056392466,0.24198250728862974,0.8814814814814815,development_locked_90_recall
movi_d,minimum_visibility,low,B_rgb_2d,613,270,343,0.9720872475974517,0.9699730006295276,0.05539358600583091,0.8666666666666667,development_locked_90_recall
movi_d,minimum_visibility,low,C_camera_geometry,613,270,343,0.9861785984234964,0.9837677865773358,0.023323615160349854,0.8592592592592593,development_locked_90_recall
movi_d,minimum_visibility,low,D_pose_aligned_geometry,613,270,343,0.9860814166936617,0.983317511159399,0.023323615160349854,0.837037037037037,development_locked_90_recall
movi_d,minimum_visibility,low,G_camera_geometry_only,613,270,343,0.9888025051290357,0.9862522530976081,0.026239067055393587,0.8481481481481481,development_locked_90_recall
movi_d,minimum_visibility,low,G_pose_aligned_geometry_only,613,270,343,0.9857898715041572,0.9830242837525213,0.02040816326530612,0.8481481481481481,development_locked_90_recall
movi_d,minimum_visibility,low,P_pose_only,613,270,343,0.5,0.44045676998368677,1.0,1.0,development_locked_90_recall
movi_d,minimum_visibility,low,S_shuffled_pose,613,270,343,0.9849908217255157,0.982611692528554,0.029154518950437316,0.8703703703703703,development_locked_90_recall
movi_d,minimum_visibility,medium,A_rgb,640,308,332,0.9412846189954625,0.9521520607030127,0.10843373493975904,0.8668831168831169,development_locked_90_recall
movi_d,minimum_visibility,medium,B_rgb_2d,640,308,332,0.9792774996088249,0.980785905100317,0.030120481927710843,0.8928571428571429,development_locked_90_recall
movi_d,minimum_visibility,medium,C_camera_geometry,640,308,332,0.9868076200907526,0.9874593947165088,0.018072289156626505,0.8766233766233766,development_locked_90_recall
movi_d,minimum_visibility,medium,D_pose_aligned_geometry,640,308,332,0.989223126271319,0.9892898259225542,0.012048192771084338,0.8733766233766234,development_locked_90_recall
movi_d,minimum_visibility,medium,G_camera_geometry_only,640,308,332,0.9838835862932248,0.9857696817332015,0.02710843373493976,0.8896103896103896,development_locked_90_recall
movi_d,minimum_visibility,medium,G_pose_aligned_geometry_only,640,308,332,0.9856829917070881,0.9859756514559065,0.03313253012048193,0.8831168831168831,development_locked_90_recall
movi_d,minimum_visibility,medium,P_pose_only,640,308,332,0.5,0.48125,1.0,1.0,development_locked_90_recall
movi_d,minimum_visibility,medium,S_shuffled_pose,640,308,332,0.9850766703176342,0.9860368682159525,0.02108433734939759,0.8733766233766234,development_locked_90_recall
movi_d,dynamic_status,dynamic-dynamic,A_rgb,233,197,36,0.8446136491821771,0.9705343564675718,0.08333333333333333,0.6192893401015228,development_locked_90_recall
movi_d,dynamic_status,dynamic-dynamic,B_rgb_2d,233,197,36,0.8722504230118443,0.9753924926011991,0.05555555555555555,0.6345177664974619,development_locked_90_recall
movi_d,dynamic_status,dynamic-dynamic,C_camera_geometry,233,197,36,0.9369712351945855,0.9881841567041887,0.0,0.5786802030456852,development_locked_90_recall
movi_d,dynamic_status,dynamic-dynamic,D_pose_aligned_geometry,233,197,36,0.8637901861252115,0.9703542112573295,0.1111111111111111,0.583756345177665,development_locked_90_recall
movi_d,dynamic_status,dynamic-dynamic,G_camera_geometry_only,233,197,36,0.8963620981387479,0.9790924895975974,0.0,0.5329949238578681,development_locked_90_recall
movi_d,dynamic_status,dynamic-dynamic,G_pose_aligned_geometry_only,233,197,36,0.7855329949238579,0.9435680410755624,0.2777777777777778,0.5888324873096447,development_locked_90_recall
movi_d,dynamic_status,dynamic-dynamic,P_pose_only,233,197,36,0.5,0.8454935622317596,1.0,1.0,development_locked_90_recall
movi_d,dynamic_status,dynamic-dynamic,S_shuffled_pose,233,197,36,0.902848279751833,0.9815155318297153,0.0,0.5532994923857868,development_locked_90_recall
movi_d,dynamic_status,dynamic-static,A_rgb,410,0,410,,,0.15121951219512195,,development_locked_90_recall
movi_d,dynamic_status,dynamic-static,B_rgb_2d,410,0,410,,,0.05609756097560976,,development_locked_90_recall
movi_d,dynamic_status,dynamic-static,C_camera_geometry,410,0,410,,,0.01951219512195122,,development_locked_90_recall
movi_d,dynamic_status,dynamic-static,D_pose_aligned_geometry,410,0,410,,,0.02926829268292683,,development_locked_90_recall
movi_d,dynamic_status,dynamic-static,G_camera_geometry_only,410,0,410,,,0.041463414634146344,,development_locked_90_recall
movi_d,dynamic_status,dynamic-static,G_pose_aligned_geometry_only,410,0,410,,,0.08292682926829269,,development_locked_90_recall
movi_d,dynamic_status,dynamic-static,P_pose_only,410,0,410,,,1.0,,development_locked_90_recall
movi_d,dynamic_status,dynamic-static,S_shuffled_pose,410,0,410,,,0.026829268292682926,,development_locked_90_recall
movi_d,dynamic_status,static-static,A_rgb,1357,803,554,0.9672167998165724,0.9809701979100224,0.18592057761732853,0.9464508094645081,development_locked_90_recall
movi_d,dynamic_status,static-static,B_rgb_2d,1357,803,554,0.9904936811865253,0.993593307296592,0.07581227436823104,0.9651307596513076,development_locked_90_recall
movi_d,dynamic_status,static-static,C_camera_geometry,1357,803,554,0.9942656374336312,0.9961073595457787,0.04693140794223827,0.9551681195516812,development_locked_90_recall
movi_d,dynamic_status,static-static,D_pose_aligned_geometry,1357,803,554,0.9950254236145142,0.9967110110870248,0.02888086642599278,0.9464508094645081,development_locked_90_recall
movi_d,dynamic_status,static-static,G_camera_geometry_only,1357,803,554,0.996428105794606,0.9975509515584751,0.030685920577617327,0.962640099626401,development_locked_90_recall
movi_d,dynamic_status,static-static,G_pose_aligned_geometry_only,1357,803,554,0.9955087195579753,0.9970736307008591,0.023465703971119134,0.9576587795765878,development_locked_90_recall
movi_d,dynamic_status,static-static,P_pose_only,1357,803,554,0.5,0.5917464996315401,1.0,1.0,development_locked_90_recall
movi_d,dynamic_status,static-static,S_shuffled_pose,1357,803,554,0.9946005727618902,0.9963350358932732,0.05415162454873646,0.958904109589041,development_locked_90_recall
movi_d,label,negative,A_rgb,1000,0,1000,,,0.168,,development_locked_90_recall
movi_d,label,negative,B_rgb_2d,1000,0,1000,,,0.067,,development_locked_90_recall
movi_d,label,negative,C_camera_geometry,1000,0,1000,,,0.034,,development_locked_90_recall
movi_d,label,negative,D_pose_aligned_geometry,1000,0,1000,,,0.032,,development_locked_90_recall
movi_d,label,negative,G_camera_geometry_only,1000,0,1000,,,0.034,,development_locked_90_recall
movi_d,label,negative,G_pose_aligned_geometry_only,1000,0,1000,,,0.057,,development_locked_90_recall
movi_d,label,negative,P_pose_only,1000,0,1000,,,1.0,,development_locked_90_recall
movi_d,label,negative,S_shuffled_pose,1000,0,1000,,,0.041,,development_locked_90_recall
movi_d,label,positive,A_rgb,1000,1000,0,,,,0.882,development_locked_90_recall
movi_d,label,positive,B_rgb_2d,1000,1000,0,,,,0.9,development_locked_90_recall
movi_d,label,positive,C_camera_geometry,1000,1000,0,,,,0.881,development_locked_90_recall
movi_d,label,positive,D_pose_aligned_geometry,1000,1000,0,,,,0.875,development_locked_90_recall
movi_d,label,positive,G_camera_geometry_only,1000,1000,0,,,,0.878,development_locked_90_recall
movi_d,label,positive,G_pose_aligned_geometry_only,1000,1000,0,,,,0.885,development_locked_90_recall
movi_d,label,positive,P_pose_only,1000,1000,0,,,,1.0,development_locked_90_recall
movi_d,label,positive,S_shuffled_pose,1000,1000,0,,,,0.879,development_locked_90_recall
movi_d,negative_difficulty,easy,A_rgb,500,0,500,,,0.118,,development_locked_90_recall
movi_d,negative_difficulty,easy,B_rgb_2d,500,0,500,,,0.068,,development_locked_90_recall
movi_d,negative_difficulty,easy,C_camera_geometry,500,0,500,,,0.028,,development_locked_90_recall
movi_d,negative_difficulty,easy,D_pose_aligned_geometry,500,0,500,,,0.026,,development_locked_90_recall
movi_d,negative_difficulty,easy,G_camera_geometry_only,500,0,500,,,0.028,,development_locked_90_recall
movi_d,negative_difficulty,easy,G_pose_aligned_geometry_only,500,0,500,,,0.03,,development_locked_90_recall
movi_d,negative_difficulty,easy,P_pose_only,500,0,500,,,1.0,,development_locked_90_recall
movi_d,negative_difficulty,easy,S_shuffled_pose,500,0,500,,,0.032,,development_locked_90_recall
movi_d,negative_difficulty,hard,A_rgb,500,0,500,,,0.218,,development_locked_90_recall
movi_d,negative_difficulty,hard,B_rgb_2d,500,0,500,,,0.066,,development_locked_90_recall
movi_d,negative_difficulty,hard,C_camera_geometry,500,0,500,,,0.04,,development_locked_90_recall
movi_d,negative_difficulty,hard,D_pose_aligned_geometry,500,0,500,,,0.038,,development_locked_90_recall
movi_d,negative_difficulty,hard,G_camera_geometry_only,500,0,500,,,0.04,,development_locked_90_recall
movi_d,negative_difficulty,hard,G_pose_aligned_geometry_only,500,0,500,,,0.084,,development_locked_90_recall
movi_d,negative_difficulty,hard,P_pose_only,500,0,500,,,1.0,,development_locked_90_recall
movi_d,negative_difficulty,hard,S_shuffled_pose,500,0,500,,,0.05,,development_locked_90_recall
movi_d,negative_difficulty,positive_not_applicable,A_rgb,1000,1000,0,,,,0.882,development_locked_90_recall
movi_d,negative_difficulty,positive_not_applicable,B_rgb_2d,1000,1000,0,,,,0.9,development_locked_90_recall
movi_d,negative_difficulty,positive_not_applicable,C_camera_geometry,1000,1000,0,,,,0.881,development_locked_90_recall
movi_d,negative_difficulty,positive_not_applicable,D_pose_aligned_geometry,1000,1000,0,,,,0.875,development_locked_90_recall
movi_d,negative_difficulty,positive_not_applicable,G_camera_geometry_only,1000,1000,0,,,,0.878,development_locked_90_recall
movi_d,negative_difficulty,positive_not_applicable,G_pose_aligned_geometry_only,1000,1000,0,,,,0.885,development_locked_90_recall
movi_d,negative_difficulty,positive_not_applicable,P_pose_only,1000,1000,0,,,,1.0,development_locked_90_recall
movi_d,negative_difficulty,positive_not_applicable,S_shuffled_pose,1000,1000,0,,,,0.879,development_locked_90_recall
movi_d,camera_displacement_scene_units,zero,A_rgb,2000,1000,1000,0.935493,0.9519546066236559,0.168,0.882,development_locked_90_recall
movi_d,camera_displacement_scene_units,zero,B_rgb_2d,2000,1000,1000,0.971199,0.9757324269875365,0.067,0.9,development_locked_90_recall
movi_d,camera_displacement_scene_units,zero,C_camera_geometry,2000,1000,1000,0.9833369999999999,0.984805570073246,0.034,0.881,development_locked_90_recall
movi_d,camera_displacement_scene_units,zero,D_pose_aligned_geometry,2000,1000,1000,0.984952,0.986031173742056,0.032,0.875,development_locked_90_recall
movi_d,camera_displacement_scene_units,zero,G_camera_geometry_only,2000,1000,1000,0.9796170000000001,0.9821920786267612,0.034,0.878,development_locked_90_recall
movi_d,camera_displacement_scene_units,zero,G_pose_aligned_geometry_only,2000,1000,1000,0.979247,0.9806294231548343,0.057,0.885,development_locked_90_recall
movi_d,camera_displacement_scene_units,zero,P_pose_only,2000,1000,1000,0.5,0.5,1.0,1.0,development_locked_90_recall
movi_d,camera_displacement_scene_units,zero,S_shuffled_pose,2000,1000,1000,0.982156,0.983948905178635,0.041,0.879,development_locked_90_recall
movi_d,relative_camera_rotation_degrees,zero,A_rgb,2000,1000,1000,0.935493,0.9519546066236559,0.168,0.882,development_locked_90_recall
movi_d,relative_camera_rotation_degrees,zero,B_rgb_2d,2000,1000,1000,0.971199,0.9757324269875365,0.067,0.9,development_locked_90_recall
movi_d,relative_camera_rotation_degrees,zero,C_camera_geometry,2000,1000,1000,0.9833369999999999,0.984805570073246,0.034,0.881,development_locked_90_recall
movi_d,relative_camera_rotation_degrees,zero,D_pose_aligned_geometry,2000,1000,1000,0.984952,0.986031173742056,0.032,0.875,development_locked_90_recall
movi_d,relative_camera_rotation_degrees,zero,G_camera_geometry_only,2000,1000,1000,0.9796170000000001,0.9821920786267612,0.034,0.878,development_locked_90_recall
movi_d,relative_camera_rotation_degrees,zero,G_pose_aligned_geometry_only,2000,1000,1000,0.979247,0.9806294231548343,0.057,0.885,development_locked_90_recall
movi_d,relative_camera_rotation_degrees,zero,P_pose_only,2000,1000,1000,0.5,0.5,1.0,1.0,development_locked_90_recall
movi_d,relative_camera_rotation_degrees,zero,S_shuffled_pose,2000,1000,1000,0.982156,0.983948905178635,0.041,0.879,development_locked_90_recall
movi_d,normalized_camera_displacement,zero,A_rgb,2000,1000,1000,0.935493,0.9519546066236559,0.168,0.882,development_locked_90_recall
movi_d,normalized_camera_displacement,zero,B_rgb_2d,2000,1000,1000,0.971199,0.9757324269875365,0.067,0.9,development_locked_90_recall
movi_d,normalized_camera_displacement,zero,C_camera_geometry,2000,1000,1000,0.9833369999999999,0.984805570073246,0.034,0.881,development_locked_90_recall
movi_d,normalized_camera_displacement,zero,D_pose_aligned_geometry,2000,1000,1000,0.984952,0.986031173742056,0.032,0.875,development_locked_90_recall
movi_d,normalized_camera_displacement,zero,G_camera_geometry_only,2000,1000,1000,0.9796170000000001,0.9821920786267612,0.034,0.878,development_locked_90_recall
movi_d,normalized_camera_displacement,zero,G_pose_aligned_geometry_only,2000,1000,1000,0.979247,0.9806294231548343,0.057,0.885,development_locked_90_recall
movi_d,normalized_camera_displacement,zero,P_pose_only,2000,1000,1000,0.5,0.5,1.0,1.0,development_locked_90_recall
movi_d,normalized_camera_displacement,zero,S_shuffled_pose,2000,1000,1000,0.982156,0.983948905178635,0.041,0.879,development_locked_90_recall
movi_e,temporal_gap,high,A_rgb,665,333,332,0.9144144144144144,0.9277044960244444,0.15060240963855423,0.8048048048048048,development_locked_90_recall
movi_e,temporal_gap,high,B_rgb_2d,665,333,332,0.9680704801186728,0.9712849979773902,0.060240963855421686,0.8708708708708709,development_locked_90_recall
movi_e,temporal_gap,high,C_camera_geometry,665,333,332,0.9830221788053113,0.9842472227623483,0.009036144578313253,0.8498498498498499,development_locked_90_recall
movi_e,temporal_gap,high,D_pose_aligned_geometry,665,333,332,0.9893538116429683,0.990647447712303,0.0030120481927710845,0.8798798798798799,development_locked_90_recall
movi_e,temporal_gap,high,G_camera_geometry_only,665,333,332,0.973090560439958,0.9757694318133597,0.024096385542168676,0.8558558558558559,development_locked_90_recall
movi_e,temporal_gap,high,G_pose_aligned_geometry_only,665,333,332,0.9850935272622019,0.9862882966260103,0.024096385542168676,0.8678678678678678,development_locked_90_recall
movi_e,temporal_gap,high,P_pose_only,665,333,332,0.49562665074713264,0.49717538479772727,0.7198795180722891,0.7117117117117117,development_locked_90_recall
movi_e,temporal_gap,high,S_shuffled_pose,665,333,332,0.9797206845399616,0.9819499707349785,0.024096385542168676,0.8678678678678678,development_locked_90_recall
movi_e,temporal_gap,low,A_rgb,668,334,334,0.9855677865825236,0.9872978718244731,0.1407185628742515,0.9670658682634731,development_locked_90_recall
movi_e,temporal_gap,low,B_rgb_2d,668,334,334,0.9945498225106673,0.9947325032398161,0.029940119760479042,0.9461077844311377,development_locked_90_recall
movi_e,temporal_gap,low,C_camera_geometry,668,334,334,0.9982519989960199,0.9982575507702205,0.005988023952095809,0.9610778443113772,development_locked_90_recall
movi_e,temporal_gap,low,D_pose_aligned_geometry,668,334,334,0.9988884506436229,0.9988914867227601,0.005988023952095809,0.9550898203592815,development_locked_90_recall
movi_e,temporal_gap,low,G_camera_geometry_only,668,334,334,0.9980099680877765,0.997940801672987,0.008982035928143712,0.9640718562874252,development_locked_90_recall
movi_e,temporal_gap,low,G_pose_aligned_geometry_only,668,334,334,0.9987002043816559,0.9986727463495938,0.005988023952095809,0.9550898203592815,development_locked_90_recall
movi_e,temporal_gap,low,P_pose_only,668,334,334,0.5060059521675213,0.501947971589825,0.9940119760479041,0.9880239520958084,development_locked_90_recall
movi_e,temporal_gap,low,S_shuffled_pose,668,334,334,0.9982071784574564,0.9982111482111171,0.020958083832335328,0.9580838323353293,development_locked_90_recall
movi_e,temporal_gap,medium,A_rgb,667,333,334,0.949236661811512,0.9600251065690535,0.17065868263473055,0.9009009009009009,development_locked_90_recall
movi_e,temporal_gap,medium,B_rgb_2d,667,333,334,0.976443509377641,0.9818757600036413,0.04491017964071856,0.8918918918918919,development_locked_90_recall
movi_e,temporal_gap,medium,C_camera_geometry,667,333,334,0.9873765981550413,0.9895618956969826,0.011976047904191617,0.9069069069069069,development_locked_90_recall
movi_e,temporal_gap,medium,D_pose_aligned_geometry,667,333,334,0.9918631206056356,0.9930836231162118,0.011976047904191617,0.9129129129129129,development_locked_90_recall
movi_e,temporal_gap,medium,G_camera_geometry_only,667,333,334,0.9828810846774918,0.985600439957666,0.029940119760479042,0.9069069069069069,development_locked_90_recall
movi_e,temporal_gap,medium,G_pose_aligned_geometry_only,667,333,334,0.9898671126216037,0.9909232922091447,0.017964071856287425,0.9219219219219219,development_locked_90_recall
movi_e,temporal_gap,medium,P_pose_only,667,333,334,0.49732067396738056,0.5024001169780827,0.907185628742515,0.8978978978978979,development_locked_90_recall
movi_e,temporal_gap,medium,S_shuffled_pose,667,333,334,0.9859200517883152,0.9882554993677501,0.014970059880239521,0.9009009009009009,development_locked_90_recall
movi_e,minimum_visibility,high,A_rgb,607,360,247,0.9754498425551057,0.9831735098642775,0.08097165991902834,0.9166666666666666,development_locked_90_recall
movi_e,minimum_visibility,high,B_rgb_2d,607,360,247,0.9912505623031939,0.9941869946479287,0.07692307692307693,0.9638888888888889,development_locked_90_recall
movi_e,minimum_visibility,high,C_camera_geometry,607,360,247,0.9960526315789474,0.9973888905087396,0.016194331983805668,0.9472222222222222,development_locked_90_recall
movi_e,minimum_visibility,high,D_pose_aligned_geometry,607,360,247,0.9938146648672964,0.9961560018171145,0.012145748987854251,0.9388888888888889,development_locked_90_recall
movi_e,minimum_visibility,high,G_camera_geometry_only,607,360,247,0.9910481331533963,0.9940084581430699,0.02834008097165992,0.9444444444444444,development_locked_90_recall
movi_e,minimum_visibility,high,G_pose_aligned_geometry_only,607,360,247,0.9889901034637877,0.9926014688669618,0.016194331983805668,0.9277777777777778,development_locked_90_recall
movi_e,minimum_visibility,high,P_pose_only,607,360,247,0.475849077822762,0.5716591583472082,0.8906882591093117,0.8638888888888889,development_locked_90_recall
movi_e,minimum_visibility,high,S_shuffled_pose,607,360,247,0.9951641925326136,0.9967540293605597,0.02834008097165992,0.95,development_locked_90_recall
movi_e,minimum_visibility,low,A_rgb,717,308,409,0.9350093671609564,0.943130549340503,0.23471882640586797,0.9123376623376623,development_locked_90_recall
movi_e,minimum_visibility,low,B_rgb_2d,717,308,409,0.9750103197535961,0.976107573227787,0.029339853300733496,0.8863636363636364,development_locked_90_recall
movi_e,minimum_visibility,low,C_camera_geometry,717,308,409,0.9877591845807004,0.9864844388831147,0.007334963325183374,0.8961038961038961,development_locked_90_recall
movi_e,minimum_visibility,low,D_pose_aligned_geometry,717,308,409,0.9939351601943288,0.9935096813053219,0.004889975550122249,0.9123376623376623,development_locked_90_recall
movi_e,minimum_visibility,low,G_camera_geometry_only,717,308,409,0.9854967770615692,0.9843051963729873,0.017114914425427872,0.8993506493506493,development_locked_90_recall
movi_e,minimum_visibility,low,G_pose_aligned_geometry_only,717,308,409,0.9942923824341917,0.9936116861770513,0.009779951100244499,0.9188311688311688,development_locked_90_recall
movi_e,minimum_visibility,low,P_pose_only,717,308,409,0.4945622836820881,0.44775239918210086,0.8899755501222494,0.8863636363636364,development_locked_90_recall
movi_e,minimum_visibility,low,S_shuffled_pose,717,308,409,0.9868304067570571,0.9856511366386426,0.017114914425427872,0.9155844155844156,development_locked_90_recall
movi_e,minimum_visibility,medium,A_rgb,676,332,344,0.9484799663771365,0.9570158491755693,0.11046511627906977,0.8433734939759037,development_locked_90_recall
movi_e,minimum_visibility,medium,B_rgb_2d,676,332,344,0.9783027458671897,0.9789653883435168,0.040697674418604654,0.8524096385542169,development_locked_90_recall
movi_e,minimum_visibility,medium,C_camera_geometry,676,332,344,0.989851849257495,0.9897846433093114,0.005813953488372093,0.8704819277108434,development_locked_90_recall
movi_e,minimum_visibility,medium,D_pose_aligned_geometry,676,332,344,0.9941335107873355,0.9941579081036256,0.005813953488372093,0.8945783132530121,development_locked_90_recall
movi_e,minimum_visibility,medium,G_camera_geometry_only,676,332,344,0.984712104230877,0.9845827769985098,0.020348837209302327,0.8795180722891566,development_locked_90_recall
movi_e,minimum_visibility,medium,G_pose_aligned_geometry_only,676,332,344,0.991594284113197,0.9915035930966718,0.023255813953488372,0.8975903614457831,development_locked_90_recall
movi_e,minimum_visibility,medium,P_pose_only,676,332,344,0.528855246567666,0.5081578851775681,0.8430232558139535,0.8493975903614458,development_locked_90_recall
movi_e,minimum_visibility,medium,S_shuffled_pose,676,332,344,0.9881006584477444,0.9885047148762605,0.01744186046511628,0.858433734939759,development_locked_90_recall
movi_e,dynamic_status,dynamic-dynamic,A_rgb,167,140,27,0.9021164021164022,0.9820579590047039,0.0,0.6071428571428571,development_locked_90_recall
movi_e,dynamic_status,dynamic-dynamic,B_rgb_2d,167,140,27,0.9407407407407407,0.9883077758269102,0.0,0.4928571428571429,development_locked_90_recall
movi_e,dynamic_status,dynamic-dynamic,C_camera_geometry,167,140,27,0.9706349206349206,0.9944270516261476,0.0,0.5642857142857143,development_locked_90_recall
movi_e,dynamic_status,dynamic-dynamic,D_pose_aligned_geometry,167,140,27,0.9801587301587302,0.9962539844970546,0.0,0.6142857142857143,development_locked_90_recall
movi_e,dynamic_status,dynamic-dynamic,G_camera_geometry_only,167,140,27,0.9425925925925925,0.9885818663196189,0.0,0.5857142857142857,development_locked_90_recall
movi_e,dynamic_status,dynamic-dynamic,G_pose_aligned_geometry_only,167,140,27,0.9719576719576719,0.9944447706473856,0.0,0.65,development_locked_90_recall
movi_e,dynamic_status,dynamic-dynamic,P_pose_only,167,140,27,0.43253968253968256,0.8521207228707117,0.9259259259259259,0.8857142857142857,development_locked_90_recall
movi_e,dynamic_status,dynamic-dynamic,S_shuffled_pose,167,140,27,0.9555555555555555,0.9908929680815052,0.0,0.5428571428571428,development_locked_90_recall
movi_e,dynamic_status,dynamic-static,A_rgb,307,0,307,,,0.15309446254071662,,development_locked_90_recall
movi_e,dynamic_status,dynamic-static,B_rgb_2d,307,0,307,,,0.06188925081433225,,development_locked_90_recall
movi_e,dynamic_status,dynamic-static,C_camera_geometry,307,0,307,,,0.016286644951140065,,development_locked_90_recall
movi_e,dynamic_status,dynamic-static,D_pose_aligned_geometry,307,0,307,,,0.009771986970684038,,development_locked_90_recall
movi_e,dynamic_status,dynamic-static,G_camera_geometry_only,307,0,307,,,0.02280130293159609,,development_locked_90_recall
movi_e,dynamic_status,dynamic-static,G_pose_aligned_geometry_only,307,0,307,,,0.019543973941368076,,development_locked_90_recall
movi_e,dynamic_status,dynamic-static,P_pose_only,307,0,307,,,0.9087947882736156,,development_locked_90_recall
movi_e,dynamic_status,dynamic-static,S_shuffled_pose,307,0,307,,,0.02280130293159609,,development_locked_90_recall
movi_e,dynamic_status,static-static,A_rgb,1526,860,666,0.9706491375096026,0.9802976155199282,0.16066066066066065,0.9372093023255814,development_locked_90_recall
movi_e,dynamic_status,static-static,B_rgb_2d,1526,860,666,0.9949385431943572,0.9960829237179922,0.03903903903903904,0.9697674418604652,development_locked_90_recall
movi_e,dynamic_status,static-static,C_camera_geometry,1526,860,666,0.9975714086179203,0.9980995845401991,0.006006006006006006,0.9616279069767442,development_locked_90_recall
movi_e,dynamic_status,static-static,D_pose_aligned_geometry,1526,860,666,0.9982645436133808,0.9987029800462438,0.006006006006006006,0.9651162790697675,development_locked_90_recall
movi_e,dynamic_status,static-static,G_camera_geometry_only,1526,860,666,0.9958167469795378,0.996703767477999,0.021021021021021023,0.9616279069767442,development_locked_90_recall
movi_e,dynamic_status,static-static,G_pose_aligned_geometry_only,1526,860,666,0.9973758642363293,0.9980022207588628,0.015015015015015015,0.958139534883721,development_locked_90_recall
movi_e,dynamic_status,static-static,P_pose_only,1526,860,666,0.5293325302046232,0.5856769747854338,0.8558558558558559,0.8627906976744186,development_locked_90_recall
movi_e,dynamic_status,static-static,S_shuffled_pose,1526,860,666,0.997110482575599,0.9977955599297755,0.01951951951951952,0.9686046511627907,development_locked_90_recall
movi_e,label,negative,A_rgb,1000,0,1000,,,0.154,,development_locked_90_recall
movi_e,label,negative,B_rgb_2d,1000,0,1000,,,0.045,,development_locked_90_recall
movi_e,label,negative,C_camera_geometry,1000,0,1000,,,0.009,,development_locked_90_recall
movi_e,label,negative,D_pose_aligned_geometry,1000,0,1000,,,0.007,,development_locked_90_recall
movi_e,label,negative,G_camera_geometry_only,1000,0,1000,,,0.021,,development_locked_90_recall
movi_e,label,negative,G_pose_aligned_geometry_only,1000,0,1000,,,0.016,,development_locked_90_recall
movi_e,label,negative,P_pose_only,1000,0,1000,,,0.874,,development_locked_90_recall
movi_e,label,negative,S_shuffled_pose,1000,0,1000,,,0.02,,development_locked_90_recall
movi_e,label,positive,A_rgb,1000,1000,0,,,,0.891,development_locked_90_recall
movi_e,label,positive,B_rgb_2d,1000,1000,0,,,,0.903,development_locked_90_recall
movi_e,label,positive,C_camera_geometry,1000,1000,0,,,,0.906,development_locked_90_recall
movi_e,label,positive,D_pose_aligned_geometry,1000,1000,0,,,,0.916,development_locked_90_recall
movi_e,label,positive,G_camera_geometry_only,1000,1000,0,,,,0.909,development_locked_90_recall
movi_e,label,positive,G_pose_aligned_geometry_only,1000,1000,0,,,,0.915,development_locked_90_recall
movi_e,label,positive,P_pose_only,1000,1000,0,,,,0.866,development_locked_90_recall
movi_e,label,positive,S_shuffled_pose,1000,1000,0,,,,0.909,development_locked_90_recall
movi_e,negative_difficulty,easy,A_rgb,500,0,500,,,0.086,,development_locked_90_recall
movi_e,negative_difficulty,easy,B_rgb_2d,500,0,500,,,0.026,,development_locked_90_recall
movi_e,negative_difficulty,easy,C_camera_geometry,500,0,500,,,0.01,,development_locked_90_recall
movi_e,negative_difficulty,easy,D_pose_aligned_geometry,500,0,500,,,0.004,,development_locked_90_recall
movi_e,negative_difficulty,easy,G_camera_geometry_only,500,0,500,,,0.024,,development_locked_90_recall
movi_e,negative_difficulty,easy,G_pose_aligned_geometry_only,500,0,500,,,0.01,,development_locked_90_recall
movi_e,negative_difficulty,easy,P_pose_only,500,0,500,,,0.876,,development_locked_90_recall
movi_e,negative_difficulty,easy,S_shuffled_pose,500,0,500,,,0.022,,development_locked_90_recall
movi_e,negative_difficulty,hard,A_rgb,500,0,500,,,0.222,,development_locked_90_recall
movi_e,negative_difficulty,hard,B_rgb_2d,500,0,500,,,0.064,,development_locked_90_recall
movi_e,negative_difficulty,hard,C_camera_geometry,500,0,500,,,0.008,,development_locked_90_recall
movi_e,negative_difficulty,hard,D_pose_aligned_geometry,500,0,500,,,0.01,,development_locked_90_recall
movi_e,negative_difficulty,hard,G_camera_geometry_only,500,0,500,,,0.018,,development_locked_90_recall
movi_e,negative_difficulty,hard,G_pose_aligned_geometry_only,500,0,500,,,0.022,,development_locked_90_recall
movi_e,negative_difficulty,hard,P_pose_only,500,0,500,,,0.872,,development_locked_90_recall
movi_e,negative_difficulty,hard,S_shuffled_pose,500,0,500,,,0.018,,development_locked_90_recall
movi_e,negative_difficulty,positive_not_applicable,A_rgb,1000,1000,0,,,,0.891,development_locked_90_recall
movi_e,negative_difficulty,positive_not_applicable,B_rgb_2d,1000,1000,0,,,,0.903,development_locked_90_recall
movi_e,negative_difficulty,positive_not_applicable,C_camera_geometry,1000,1000,0,,,,0.906,development_locked_90_recall
movi_e,negative_difficulty,positive_not_applicable,D_pose_aligned_geometry,1000,1000,0,,,,0.916,development_locked_90_recall
movi_e,negative_difficulty,positive_not_applicable,G_camera_geometry_only,1000,1000,0,,,,0.909,development_locked_90_recall
movi_e,negative_difficulty,positive_not_applicable,G_pose_aligned_geometry_only,1000,1000,0,,,,0.915,development_locked_90_recall
movi_e,negative_difficulty,positive_not_applicable,P_pose_only,1000,1000,0,,,,0.866,development_locked_90_recall
movi_e,negative_difficulty,positive_not_applicable,S_shuffled_pose,1000,1000,0,,,,0.909,development_locked_90_recall
movi_e,camera_displacement_scene_units,high,A_rgb,665,332,333,0.9294927457578059,0.9416177422458633,0.13513513513513514,0.8253012048192772,development_locked_90_recall
movi_e,camera_displacement_scene_units,high,B_rgb_2d,665,332,333,0.9754965809182676,0.9778169736056829,0.042042042042042045,0.8674698795180723,development_locked_90_recall
movi_e,camera_displacement_scene_units,high,C_camera_geometry,665,332,333,0.9887568291182749,0.9888610717954915,0.006006006006006006,0.8765060240963856,development_locked_90_recall
movi_e,camera_displacement_scene_units,high,D_pose_aligned_geometry,665,332,333,0.9938673613372409,0.994566189585842,0.006006006006006006,0.9096385542168675,development_locked_90_recall
movi_e,camera_displacement_scene_units,high,G_camera_geometry_only,665,332,333,0.9784091320235898,0.978543918405633,0.03003003003003003,0.8704819277108434,development_locked_90_recall
movi_e,camera_displacement_scene_units,high,G_pose_aligned_geometry_only,665,332,333,0.9894804442997214,0.9899045797138958,0.03003003003003003,0.9036144578313253,development_locked_90_recall
movi_e,camera_displacement_scene_units,high,P_pose_only,665,332,333,0.49555428922898803,0.4918407352952194,0.6336336336336337,0.6114457831325302,development_locked_90_recall
movi_e,camera_displacement_scene_units,high,S_shuffled_pose,665,332,333,0.9869930171134991,0.9874828811365632,0.018018018018018018,0.8885542168674698,development_locked_90_recall
movi_e,camera_displacement_scene_units,low,A_rgb,705,359,346,0.9647704767578533,0.973566135927691,0.18497109826589594,0.9387186629526463,development_locked_90_recall
movi_e,camera_displacement_scene_units,low,B_rgb_2d,705,359,346,0.9847762732059189,0.9870863550662752,0.046242774566473986,0.9275766016713092,development_locked_90_recall
movi_e,camera_displacement_scene_units,low,C_camera_geometry,705,359,346,0.9956687651955497,0.9960985690934931,0.002890173410404624,0.935933147632312,development_locked_90_recall
movi_e,camera_displacement_scene_units,low,D_pose_aligned_geometry,705,359,346,0.9953708921699647,0.9957953494017829,0.005780346820809248,0.924791086350975,development_locked_90_recall
movi_e,camera_displacement_scene_units,low,G_camera_geometry_only,705,359,346,0.9942921087800086,0.9949876243273515,0.005780346820809248,0.9387186629526463,development_locked_90_recall
movi_e,camera_displacement_scene_units,low,G_pose_aligned_geometry_only,705,359,346,0.9955158033716006,0.9959256053949305,0.002890173410404624,0.9303621169916435,development_locked_90_recall
movi_e,camera_displacement_scene_units,low,P_pose_only,705,359,346,0.4902426457565169,0.5110369045965165,1.0,1.0,development_locked_90_recall
movi_e,camera_displacement_scene_units,low,S_shuffled_pose,705,359,346,0.993929830775919,0.9947551306130175,0.02023121387283237,0.9275766016713092,development_locked_90_recall
movi_e,camera_displacement_scene_units,medium,A_rgb,630,309,321,0.9620421619332788,0.9676835192563109,0.14018691588785046,0.9061488673139159,development_locked_90_recall
movi_e,camera_displacement_scene_units,medium,B_rgb_2d,630,309,321,0.9825081410237023,0.9861350372052157,0.04672897196261682,0.912621359223301,development_locked_90_recall
movi_e,camera_displacement_scene_units,medium,C_camera_geometry,630,309,321,0.9884059724364597,0.9896540402564619,0.018691588785046728,0.9029126213592233,development_locked_90_recall
movi_e,camera_displacement_scene_units,medium,D_pose_aligned_geometry,630,309,321,0.9931040740404682,0.9938662438787624,0.009345794392523364,0.912621359223301,development_locked_90_recall
movi_e,camera_displacement_scene_units,medium,G_camera_geometry_only,630,309,321,0.985885531661777,0.9874083244745504,0.028037383177570093,0.9158576051779935,development_locked_90_recall
movi_e,camera_displacement_scene_units,medium,G_pose_aligned_geometry_only,630,309,321,0.9914305013660789,0.9919035214340547,0.01557632398753894,0.9093851132686084,development_locked_90_recall
movi_e,camera_displacement_scene_units,medium,P_pose_only,630,309,321,0.50420913609372,0.4972114588544201,0.9875389408099688,0.9838187702265372,development_locked_90_recall
movi_e,camera_displacement_scene_units,medium,S_shuffled_pose,630,309,321,0.9880027019125105,0.9892809554779413,0.021806853582554516,0.9093851132686084,development_locked_90_recall
movi_e,relative_camera_rotation_degrees,high,A_rgb,633,311,322,0.9334045655169659,0.9443072784831164,0.13975155279503104,0.8360128617363344,development_locked_90_recall
movi_e,relative_camera_rotation_degrees,high,B_rgb_2d,633,311,322,0.9792594515787582,0.9805847591066827,0.049689440993788817,0.8842443729903537,development_locked_90_recall
movi_e,relative_camera_rotation_degrees,high,C_camera_geometry,633,311,322,0.9878073136146672,0.9870108798057373,0.012422360248447204,0.8778135048231511,development_locked_90_recall
movi_e,relative_camera_rotation_degrees,high,D_pose_aligned_geometry,633,311,322,0.993948592997943,0.9944171766965081,0.012422360248447204,0.9196141479099679,development_locked_90_recall
movi_e,relative_camera_rotation_degrees,high,G_camera_geometry_only,633,311,322,0.9794292105210601,0.978928142653445,0.031055900621118012,0.8778135048231511,development_locked_90_recall
movi_e,relative_camera_rotation_degrees,high,G_pose_aligned_geometry_only,633,311,322,0.9906732439935292,0.9910468862304295,0.027950310559006212,0.909967845659164,development_locked_90_recall
movi_e,relative_camera_rotation_degrees,high,P_pose_only,633,311,322,0.49266541511054307,0.48449839655497856,0.6086956521739131,0.5691318327974276,development_locked_90_recall
movi_e,relative_camera_rotation_degrees,high,S_shuffled_pose,633,311,322,0.9876874837730423,0.9871861917632216,0.027950310559006212,0.9003215434083601,development_locked_90_recall
movi_e,relative_camera_rotation_degrees,low,A_rgb,712,354,358,0.9648391882081873,0.9725402489206075,0.18156424581005587,0.9378531073446328,development_locked_90_recall
movi_e,relative_camera_rotation_degrees,low,B_rgb_2d,712,354,358,0.9837610074803523,0.9856521914901587,0.05027932960893855,0.9322033898305084,development_locked_90_recall
movi_e,relative_camera_rotation_degrees,low,C_camera_geometry,712,354,358,0.9956127891929426,0.9958751897346432,0.00558659217877095,0.940677966101695,development_locked_90_recall
movi_e,relative_camera_rotation_degrees,low,D_pose_aligned_geometry,712,354,358,0.995683805195215,0.9958869277034905,0.00558659217877095,0.9265536723163842,development_locked_90_recall
movi_e,relative_camera_rotation_degrees,low,G_camera_geometry_only,712,354,358,0.9943423918189566,0.9948266382149185,0.00558659217877095,0.943502824858757,development_locked_90_recall
movi_e,relative_camera_rotation_degrees,low,G_pose_aligned_geometry_only,712,354,358,0.9954786478553168,0.9957054689723807,0.002793296089385475,0.9378531073446328,development_locked_90_recall
movi_e,relative_camera_rotation_degrees,low,P_pose_only,712,354,358,0.5031759934349651,0.5002296041826607,1.0,1.0,development_locked_90_recall
movi_e,relative_camera_rotation_degrees,low,S_shuffled_pose,712,354,358,0.9945870024934507,0.9951600023794048,0.01675977653631285,0.9322033898305084,development_locked_90_recall
movi_e,relative_camera_rotation_degrees,medium,A_rgb,655,335,320,0.9548880597014925,0.9637777895499614,0.1375,0.8925373134328358,development_locked_90_recall
movi_e,relative_camera_rotation_degrees,medium,B_rgb_2d,655,335,320,0.9801119402985075,0.9849363133461859,0.034375,0.8895522388059701,development_locked_90_recall
movi_e,relative_camera_rotation_degrees,medium,C_camera_geometry,655,335,320,0.9884328358208956,0.99047629955629,0.009375,0.8955223880597015,development_locked_90_recall
movi_e,relative_camera_rotation_degrees,medium,D_pose_aligned_geometry,655,335,320,0.9925746268656717,0.993834180483236,0.003125,0.9014925373134328,development_locked_90_recall
movi_e,relative_camera_rotation_degrees,medium,G_camera_geometry_only,655,335,320,0.9845149253731343,0.9869213740338761,0.028125,0.9014925373134328,development_locked_90_recall
movi_e,relative_camera_rotation_degrees,medium,G_pose_aligned_geometry_only,655,335,320,0.9908582089552238,0.9918257413583499,0.01875,0.8955223880597015,development_locked_90_recall
movi_e,relative_camera_rotation_degrees,medium,P_pose_only,655,335,320,0.4941651119402985,0.5128988999196065,1.0,1.0,development_locked_90_recall
movi_e,relative_camera_rotation_degrees,medium,S_shuffled_pose,655,335,320,0.9852611940298507,0.9878057301752189,0.015625,0.8925373134328358,development_locked_90_recall
movi_e,normalized_camera_displacement,high,A_rgb,638,323,315,0.9269349845201238,0.9421736589460257,0.13015873015873017,0.8173374613003096,development_locked_90_recall
movi_e,normalized_camera_displacement,high,B_rgb_2d,638,323,315,0.9718708536045997,0.9761349755094397,0.044444444444444446,0.8637770897832817,development_locked_90_recall
movi_e,normalized_camera_displacement,high,C_camera_geometry,638,323,315,0.9859550837879012,0.9877443978049085,0.0031746031746031746,0.8699690402476781,development_locked_90_recall
movi_e,normalized_camera_displacement,high,D_pose_aligned_geometry,638,323,315,0.9912722983930414,0.9933000417480681,0.0031746031746031746,0.9071207430340558,development_locked_90_recall
movi_e,normalized_camera_displacement,high,G_camera_geometry_only,638,323,315,0.9762740183792815,0.9783511536928694,0.02857142857142857,0.8668730650154799,development_locked_90_recall
movi_e,normalized_camera_displacement,high,G_pose_aligned_geometry_only,638,323,315,0.9875669566072043,0.9892288455684434,0.025396825396825397,0.9040247678018576,development_locked_90_recall
movi_e,normalized_camera_displacement,high,P_pose_only,638,323,315,0.5020738119809327,0.5045803628548204,0.6190476190476191,0.6006191950464397,development_locked_90_recall
movi_e,normalized_camera_displacement,high,S_shuffled_pose,638,323,315,0.9845987517814143,0.9864712943862914,0.01904761904761905,0.8823529411764706,development_locked_90_recall
movi_e,normalized_camera_displacement,low,A_rgb,730,370,360,0.9656306306306306,0.9741503928562024,0.18888888888888888,0.9405405405405406,development_locked_90_recall
movi_e,normalized_camera_displacement,low,B_rgb_2d,730,370,360,0.9849249249249249,0.9871797599609871,0.04722222222222222,0.9297297297297298,development_locked_90_recall
movi_e,normalized_camera_displacement,low,C_camera_geometry,730,370,360,0.9953978978978978,0.9958252834008288,0.005555555555555556,0.9378378378378378,development_locked_90_recall
movi_e,normalized_camera_displacement,low,D_pose_aligned_geometry,730,370,360,0.9953903903903905,0.9957966522880811,0.005555555555555556,0.927027027027027,development_locked_90_recall
movi_e,normalized_camera_displacement,low,G_camera_geometry_only,730,370,360,0.993948948948949,0.9946308643394246,0.008333333333333333,0.9405405405405406,development_locked_90_recall
movi_e,normalized_camera_displacement,low,G_pose_aligned_geometry_only,730,370,360,0.995487987987988,0.9958864340843157,0.002777777777777778,0.9324324324324325,development_locked_90_recall
movi_e,normalized_camera_displacement,low,P_pose_only,730,370,360,0.5010097597597598,0.5186678935565137,1.0,1.0,development_locked_90_recall
movi_e,normalized_camera_displacement,low,S_shuffled_pose,730,370,360,0.9934834834834835,0.9943088987883949,0.025,0.927027027027027,development_locked_90_recall
movi_e,normalized_camera_displacement,medium,A_rgb,632,307,325,0.9642796291656227,0.9676203891790114,0.13846153846153847,0.9087947882736156,development_locked_90_recall
movi_e,normalized_camera_displacement,medium,B_rgb_2d,632,307,325,0.9857780005011275,0.9877963216172518,0.043076923076923075,0.9120521172638436,development_locked_90_recall
movi_e,normalized_camera_displacement,medium,C_camera_geometry,632,307,325,0.9905988474066649,0.9908960112216535,0.018461538461538463,0.9055374592833876,development_locked_90_recall
movi_e,normalized_camera_displacement,medium,D_pose_aligned_geometry,632,307,325,0.9952793786018541,0.9951354209936869,0.012307692307692308,0.9120521172638436,development_locked_90_recall
movi_e,normalized_camera_displacement,medium,G_camera_geometry_only,632,307,325,0.9875119017790028,0.9880811470914989,0.027692307692307693,0.9153094462540716,development_locked_90_recall
movi_e,normalized_camera_displacement,medium,G_pose_aligned_geometry_only,632,307,325,0.993114507642195,0.9927804023355218,0.021538461538461538,0.9055374592833876,development_locked_90_recall
movi_e,normalized_camera_displacement,medium,P_pose_only,632,307,325,0.5019343522926585,0.4881946113883082,0.9815384615384616,0.9837133550488599,development_locked_90_recall
movi_e,normalized_camera_displacement,medium,S_shuffled_pose,632,307,325,0.9901478326234026,0.9905935087195696,0.015384615384615385,0.9153094462540716,development_locked_90_recall
